{
  "test_accuracies": [
    0.807,
    0.807,
    0.807,
    0.805,
    0.805,
    0.807,
    0.805,
    0.807,
    0.803,
    0.803
  ],
  "test_acc_mean": 0.8056000000000001,
  "test_acc_std": 0.0015620499351813324
}