{
  "test_accuracies": [
    0.778,
    0.777,
    0.779,
    0.78,
    0.779,
    0.78,
    0.778,
    0.777,
    0.779,
    0.779
  ],
  "test_acc_mean": 0.7786000000000001,
  "test_acc_std": 0.001019803902718558
}