{
  "test_accuracies": [
    0.815,
    0.807,
    0.817,
    0.807,
    0.81,
    0.808,
    0.814,
    0.797,
    0.791,
    0.805
  ],
  "test_acc_mean": 0.8070999999999999,
  "test_acc_std": 0.007634788798650528
}