{
  "test_accuracies": [
    0.683,
    0.683,
    0.683,
    0.682,
    0.682,
    0.683,
    0.682,
    0.682,
    0.683,
    0.682
  ],
  "test_acc_mean": 0.6825000000000001,
  "test_acc_std": 0.0005000000000000004
}